{
	"context_is_admin":  "role:admin",
	"admin_or_owner":  "is_admin:True or user_id:%(user_id)s",
	"default": "rule:admin_or_owner",
	
	"cells_scheduler_filter:TargetCellFilter": "is_admin:True",
	
	"compute:create": "",
	"compute:create:attach_network": "",
	"compute:create:attach_volume": "",
	"compute:create:forced_host": "is_admin:True",
	"compute:get_all": "",
	"compute:get_all_tenants": "",
	"compute:start": "rule:admin_or_owner",
	"compute:stop": "rule:admin_or_owner",
	"compute:unlock_override": "rule:admin_api"
}